
<beans xmlns="http://www.springframework.org/schema/beans"
       xmlns:mvc="http://www.springframework.org/schema/mvc"
       xmlns:context="http://www.springframework.org/schema/context"
       xmlns:xsi="http://www.w3.org/2001/XMLSchema-instance"
       xsi:schemaLocation="
           http://www.springframework.org/schema/beans 
           http://www.springframework.org/schema/beans/spring-beans.xsd
           http://www.springframework.org/schema/mvc 
           http://www.springframework.org/schema/mvc/spring-mvc.xsd
           http://www.springframework.org/schema/context 
           http://www.springframework.org/schema/context/spring-context.xsd">

    <!-- Enable Spring MVC configuration -->
    <mvc:annotation-driven/>

    <!-- View Resolver -->
    <bean class="org.springframework.web.servlet.view.InternalResourceViewResolver">
        <property name="suffix" value=".jsp"/>
    </bean>

    <!-- Scan for controllers in the specified package -->
    <context:component-scan base-package="com.healthCareFoodRecommendation.controller"/>
     <!-- Resource handler for CSS -->
    <mvc:resources mapping="/CSS/**" location="/CSS/"/>
    
       <!-- Static resource handlers for images, CSS, JS -->
    <mvc:resources mapping="/images/**" location="/images/" />
    <mvc:resources mapping="/CSS/**" location="/CSS/" />
    <mvc:resources mapping="/js/**" location="/js/" />
    
</beans>







 


